Workbook

Sheet GUI
A1: System Name | D1: =Cover!E21 -> #REF! | F1: Document Name | G1: =Cover!E22 -> #REF! | I1: Web | J1: Chrome | K1: OK | L1: =COUNTIF(L8:L9,"OK") -> 0 | M1: NG | N1: =COUNTIF(L8:L9,"NG") -> 0 | O1: Untested | P1: =COUNTIF(L8:L9,"Untested") -> 0 | Q1: NA | R1: =COUNTIF(L8:L9,"N/A") -> 0 | S1: Number of Test cases | T1: =L1+N1+P1+R1 -> 0
A2: Phase | D2: Integration testing | F2: Screen Name | G2: =Cover!E22 -> #REF! | J2: Safari | L2: =COUNTIF(P8:P9,"OK") -> 0 | N2: =COUNTIF(P8:P9,"NG") -> 0 | P2: =COUNTIF(P8:P9,"Untested") -> 0 | R2: =COUNTIF(P8:P9,"N/A") -> 0 | T2: =L2+N2+P2+R2 -> 0
A3: Created By | D3: =Cover!E23 -> #REF! | F3: Created Date | G3: =Cover!E25 -> #REF! | J3: Total | L3: =sum(L1:L2) -> 0 | N3: =sum(N1:N2) -> 0 | P3: =sum(P1:P2) -> 0 | R3: =sum(R1:R2) -> 0 | T3: =sum(T1:T2) -> 0
A4: Updated By | F4: Updated Date
A5: Test case ID | D5: Roles | E5: Test Title/Summary of test cases | F5: Test Steps | G5: Expected Results | H5: Test Priority | I5: Confirmation Data | J5: Round1 | L5: Chrome | N5: Round1 | P5: Safari | R5: Round2 | T5: Chrome | U5: Round2 | W5: Safari
A6: L1 | B6: L2 | C6: L3 | J6: Assignee | K6: Execution Date | L6: Test Result | M6: BugID | N6: Assignee | O6: Execution Date | P6: Test Result | Q6: BugID | R6: Assignee | S6: Execution Date | T6: Test Result | U6: Assignee | V6: Execution Date | W6: Test Result

Sheet FUNCTION
A1: System Name | D1: =Cover!E21 -> #REF! | F1: Document Name | G1: =Cover!E22 -> #REF! | I1: Web | J1: Chrome | K1: OK | L1: =COUNTIF(L9:L14,"OK") -> 0 | M1: NG | N1: =COUNTIF(L9:BO7109,"NG") -> 0 | O1: Untested | P1: =COUNTIF(L9:L14,"Untested") -> 0 | Q1: NA | R1: =COUNTIF(L9:L14,"N/A") -> 0 | S1: Number of Test cases | T1: =L1+N1+P1+R1 -> 0
A2: Phase | D2: Integration testing | F2: Screen Name | G2: =Cover!E22 -> #REF! | J2: Safari | L2: =COUNTIF(P9:P14,"OK") -> 0 | N2: =COUNTIF(P9:P14,"NG") -> 0 | P2: =COUNTIF(P9:P14,"Untested") -> 0 | R2: =COUNTIF(P9:P14,"N/A") -> 0 | T2: =L2+N2+P2+R2 -> 0
A3: Created By | D3: =Cover!E23 -> #REF! | F3: Created Date | G3: =Cover!E25 -> #REF! | J3: Total | L3: =sum(L1:L2) -> 0 | N3: =sum(N1:N2) -> 0 | P3: =sum(P1:P2) -> 0 | R3: =sum(R1:R2) -> 0 | T3: =sum(T1:T2) -> 0
A4: Updated By | F4: Updated Date
A5: Test case ID | D5: Roles | E5: Test Title/Summary of test cases | F5: Test Steps | G5: Expected Results | H5: Test Priority | I5: Confirmation Data | J5: Round1 | L5: Chrome | N5: Round1 | P5: Safari | R5: Round2 | T5: Chrome | U5: Round2 | W5: Safari
A6: L1 | B6: L2 | C6: L3 | J6: Assignee | K6: Execution Date | L6: Test Result | M6: BugID | N6: Assignee | O6: Execution Date | P6: Test Result | Q6: BugID | R6: Assignee | S6: Execution Date | T6: Test Result | U6: Assignee | V6: Execution Date | W6: Test Result
